"","strain","rep","beta","alpha","std_dev","AIC","N.obs","beta.sd","alpha.sd","z.sd","mttf","mttf.sd","log10.mttf.sd","N_0","N_final","LR","p.value","Last_date","T_ext","log10.T_ext.sd"
"1","ATCC13985","1","47.7381158796654","0.629036415872593","0.894258375088298","178.546701455175","66","9.97597979694704","0.0506806371107886","0.0778359034396133","67.7250258232227","7.9034692608841","0.0506819015005376","2.8e+08","3e+05","30.6983960550161","3.01414100787126e-08","930","2898.29802161228","0.0574209754623103"
"2","ATCC13985","2","42.147844387014","0.600694410085576","0.871514760811409","175.143400725442","66","9.23844953658132","0.048663703159033","0.0758586572707358","63.3192225931638","7.43695376771529","0.0510086487359536","3e+08","4e+05","35.8111982932558","2.17394754979534e-09","930","3132.93044980158","0.0608055001629869"
"3","ATCC13985","3","3.43759728471014","0.365069864862361","1.01428193971695","166.512546667863","56","1.89560473625878","0.0408433640500685","0.095836568089308","15.0118034436397","2.96605207536776","0.0858084809201036","1.64e+09","2660000","66.5181761677514","3.46682097322935e-16","798","5728.91210840779","0.126086670232953"
"4","ATCC13985","4","7.05566164027512","0.406679326509682","0.792619565879353","138.891893587387","56","2.73561927989054","0.0372108563734125","0.0748945946876724","22.4162898809865","3.32392582761005","0.0643979290440555","1.1e+09","2160000","70.9783081127673","3.61174139000293e-17","798","5151.118805605","0.0976282412603181"
"5","ATCC43928","1","3.16143999173298","0.381691474320778","1.10550152925948","206.545505122968","66","1.4278161297187","0.0333559641458892","0.0962148480187486","12.0207375567407","2.33930711589072","0.0845162925413553","3.8e+08","390000","88.7595800539434","4.45833100510157e-21","930","2915.56142634819","0.0685452859342348"
"6","ATCC43928","2","5.49571539657004","0.424638721506836","1.21232668165378","218.720054767468","66","2.32517143448266","0.0386918084296633","0.105513853310465","15.6184641299363","3.13737264986756","0.0872392841047697","2.8e+08","125000","70.9959092638938","3.57966333402779e-17","930","2408.09549959423","0.0630273618737279"
"7","ATCC43928","3","3.11462782310661","0.335659258544738","0.724597268971177","128.834830584939","56","1.48629247897463","0.0319867874936488","0.0684741388805877","18.2072172637251","2.40461911459591","0.0573570797459923","1.28e+09","5e+05","87.0446105292397","1.06100773777346e-20","798","9461.69580578349","0.128628634165866"
"8","ATCC43928","4","2.1162748914982","0.308756609632391","0.602809556528955","108.235546311866","56","0.954842328884302","0.0259236198959752","0.0569573470753885","17.2755231527343","1.78449239460746","0.0448608816719785","1.38e+09","1740000","108.24507961087","2.37515607139907e-25","798","13144.1014002819","0.126009719025894"
"9","KBS0701","2","0.0271080234378774","0.251686130884879","1.61388333974957","271.652019493822","70","0.0227981559527164","0.0214113611935785","0.136411829498952","0.624907244260294","0.211229105698577","0.146798802325997","2.9e+08","910","144.16628199521","3.26765290273418e-33","1006","784.500873842322","0.033078870762246"
"10","KBS0701","1","0.0669998382441579","0.267278356390369","1.4763321292182","255.570920078607","69","0.0516633152570344","0.0228950043159804","0.125676437396143","1.09754691977903","0.341556003498889","0.135152206167514","3.1e+08","4600","138.206892621995","6.56662714199928e-32","1006","1085.03609584954","0.0384319035435236"
"11","KBS0701","3","1.56258654488525","0.449094819388387","0.377105593533844","15.7611515931705","11","0.377496185374799","0.0252807891210401","0.080401568730425","3.89053912207233","0.466682588262318","0.0520950095920624","2.2e+08","7100","37.2824878170702","1.02198207914063e-09","273","471.906716389915","0.0417548315260254"
"12","KBS0701","4","1.93134827651023","0.458048636903694","0.564975435009675","24.655487037038","11","0.726352289577876","0.0421387834778466","0.120451148879392","4.60373966682876","0.848896097522119","0.0800807425144907","2.3e+08","7600","26.467806113401","2.67966963120443e-07","273","525.571616132159","0.0709359194820725"
"13","KBS0701","5","0.0816733692431276","0.260636237051907","1.42746765656409","211.885515736314","58","0.0799017811918455","0.0293582398996496","0.132530168067365","1.53750371118309","0.536753127636566","0.151615192718786","2.08e+08","5250","98.8544187567186","2.71763034574289e-23","880","1506.98939215141","0.0664695360416395"
"14","KBS0701","6","0.158538915634124","0.295241724204693","1.23044618271472","197.910395917683","59","0.103474961426314","0.0239545726720771","0.113264294477527","1.57888195996652","0.444868998594135","0.122367698256148","1.94e+08","480","121.041540886949","3.74213515350935e-28","880","908.234392713353","0.0322818669031579"
"15","KBS0702","1","24.627311193255","0.640238635000973","0.781395742655285","125.574760996277","51","4.50535720361422","0.0355465150641482","0.0773654613977443","34.2267479834839","4.11669623476812","0.0522357093140843","1.697e+09","78000","46.4640472792863","9.33149850117819e-12","1000","1698.51447857349","0.0257648887486299"
"16","KBS0702","2","22.2787950666278","0.590842670583059","0.63474481624965","104.373685988629","51","3.84390654328711","0.0301982113384311","0.0628451812234952","34.2090751989396","3.59307649701202","0.0456151850534959","1.545e+09","292000","63.8800628987586","1.32229065802399e-15","1000","2166.0016021556","0.029374130736733"
"17","KBS0702","3","19.4101967582376","0.526753420811714","0.607199899562264","96.1667173907403","49","4.37803228244505","0.0344857068070733","0.0613339475070885","35.419963363292","4.17717245051664","0.0512175274325031","3.06e+09","1360000","60.3412127459748","7.9759826117993e-15","953","3585.19562485635","0.0530599430574706"
"18","KBS0702","5","24.8230444313321","0.625065889676142","0.888669954589692","133.494415153165","49","5.88698317242871","0.0457369772512913","0.0897619170335699","35.4831391934805","5.33984390032462","0.0653568086941364","2.98e+09","632000","33.748757506846","6.27090831026868e-09","953","2012.23661801381","0.0400227974595583"
"19","KBS0702","4","13.9930588468919","0.493166399218355","0.610992194452884","98.6200682069797","50","3.04337021707485","0.0285793021185344","0.0611053386234409","28.7153832071656","3.16118381241749","0.0478100771321836","2.2e+09","660000","78.855733080071","6.68152608486831e-19","953","3531.51461845469","0.047741204173927"
"20","KBS0702","6","16.4998153237134","0.586418957360432","0.83263162402706","127.106250933551","49","3.4517471231651","0.0337314389417934","0.0841080541794748","25.594343653634","3.37707078660744","0.0573034115454664","2.14e+09","154000","55.9701321299898","7.3580398218187e-14","953","1722.71287795848","0.0288076067998195"
"21","KBS0703","1","10.9025209670899","0.414314072642137","0.600906267493584","98.7795847669064","51","3.34437599316968","0.0318342894050296","0.0595002329665094","32.9809367671043","3.73280436109582","0.049153738339696","7.4e+08","1500000","78.3555705691786","8.60663069695912e-19","994","6595.98396777463","0.0840458530591755"
"22","KBS0703","2","25.8714641833177","0.517591529068317","0.7090560738692","117.816007583691","52","6.95285801190598","0.0435784153656776","0.0695249092789854","48.6417633509229","6.18016583102598","0.0551791656543776","6.6e+08","1700000","48.0156414033066","4.22832550231664e-12","994","4292.72804790751","0.0740435061499914"
"23","KBS0703","3","36.1448850358878","0.541583594443831","0.399678463936549","55.1812863014501","49","5.17811486676621","0.0272076032300367","0.0403732450442163","63.0374865677477","4.19006512982426","0.0288673020416545","4.8e+08","2580000","76.855670032864","1.83919433826314e-18","966","4584.47527318487","0.0459558566651523"
"24","KBS0703","4","18.5094486996376","0.458772256820214","0.387099260003054","52.9836231532629","50","3.25400376713392","0.0232044591651944","0.0387115617776644","43.9703656555721","3.08212131607195","0.0304420547832494","6.9e+08","2500000","98.6941460175914","2.94671894429437e-23","966","5955.28242356286","0.0528717294417941"
"25","KBS0703","6","5.30487647071994","0.452433667335657","0.626467305417093","61.1731065122997","29","1.75730823920634","0.0365579553590637","0.0822615790707151","12.9916577286123","2.02688146194463","0.0677560518282356","1.68e+10","1600000","47.4845529946247","5.54390833558795e-12","533","2902.38529289981","0.081349803010541"
"26","KBS0703","5","6.0461443028992","0.506608240919174","0.866424552276997","79.9810705932645","29","2.20250598687465","0.0462018053089046","0.113770972451543","11.8062498862215","2.39371667045698","0.0880531880349691","1.94e+10","2e+05","34.6815137539677","3.88301461958342e-09","533","1713.35767427008","0.0702216173815683"
"27","KBS0705","1","9.32914041241499","0.512344175681942","0.947941902934558","85.1959002929216","29","3.69404385331742","0.0550088012021853","0.124476455407278","17.855029404458","3.76699515354925","0.0916260159243571","2.7e+08","239000","28.3057219692235","1.0358932882989e-07","584","1435.32074520624","0.0702263385744974"
"28","KBS0705","2","1.10839684354398","0.264557679811388","0.970922137023382","139.380418891758","48","0.92123032016452","0.0355331361287991","0.0991017834981746","19.2000541971913","2.67374331288619","0.060478577554331","2.6e+08","1410000","72.3898379670906","1.76621105295284e-17","991","18860.8623755207","0.215935878401573"
"29","KBS0705","3","2.48192515926008","0.309964033132367","0.819144652317444","123.066922815938","48","1.43207231821351","0.0329853769423374","0.0836032036339649","19.9257702352385","2.83148319947087","0.0617139269706753","2.5e+08","85000","75.4136486051189","3.81742054595184e-18","991","10039.1669941317","0.139619725864207"
"30","KBS0705","4","1.50165462404993","0.325918482913733","1.44724745317907","177.704844877619","48","1.22754004646647","0.0448845476613093","0.147711255715428","9.82289927199621","2.85371815915713","0.126169882751652","3.3e+08","325000","54.6949170259421","1.4076990679331e-13","991","4313.31321130855","0.131557852464535"
"31","KBS0706","1","86.4919398362131","0.71254021988332","0.630265757795671","94.0727213872682","46","15.9249937106738","0.0643927936466882","0.0657109928595445","107.678801522962","11.2161134056035","0.0452372806119683","1.42e+08","650000","13.4208001518589","0.00024884953063218","972","3014.19568884577","0.0631571445963395"
"32","KBS0706","2","130.900636492119","0.873048994112074","0.712089381595496","105.299316600924","46","21.7136172511756","0.0865781218575076","0.0742456063244455","140.12517036825","15.3761704759635","0.0476558634895172","1.12e+08","370000","1.90592744774884","0.167416346942419","972","2323.35292096023","0.0557044580354696"
"33","KBS0706","3","102.529851454771","0.716746792602012","0.436457775967372","60.2667370399706","46","13.0542650291805","0.0486690537542725","0.0455051696310149","126.961091741281","8.7228086716583","0.0298380206159435","1.24e+08","810000","21.0549869738321","4.46289785668799e-06","972","3446.82089157313","0.0513204948037351"
"34","KBS0706","4","135.06982584125","0.809720656181343","0.420340536675317","56.8069135458444","46","14.3685894956846","0.0527896786837505","0.0438234898049911","151.73487755406","9.60045139602312","0.0274783433597048","8e+07","610000","10.0056865220574","0.00156057605677082","972","2901.1952517275","0.0434794870872819"
"35","KBS0707","1","5.69105563816888","0.30309384287889","0.787220734834422","119.252311284974","48","3.46096761502848","0.0398896193982982","0.0803430137422365","50.3496331586253","5.12096305400106","0.0441712452874564","17400000","258000","64.6744242627885","8.83542804001226e-16","1024","13139.5993129436","0.187222934262322"
"36","KBS0707","2","4.29023520029333","0.302774416241257","1.11037762924299","152.273393049531","48","3.54566737730163","0.0510591951851631","0.113320221855362","38.1335640822472","5.63175914982579","0.0641388231349749","16700000","263000","48.4221579282554","3.43663051789032e-12","1024","9857.69752577972","0.219706663590187"
"37","KBS0707","3","3.84499145264868","0.329083688252507","1.07314962249555","148.997577346348","48","2.5639823263325","0.0436502580305536","0.109524315905716","24.2255037690313","4.31719200889026","0.0773949918504759","18900000","146000","57.5011865626166","3.37775454950664e-14","1024","4932.31542747728","0.132796787363639"
"38","KBS0707","4","6.73955304244344","0.311766266601326","0.997951191533614","142.021165277447","48","4.85213870218679","0.0502807679857906","0.101853041573199","52.7958558713308","6.77006335181253","0.0556899989081189","12700000","332000","49.4732159000385","2.01098604823557e-12","1024","11372.9505589293","0.219337283958126"
"39","KBS0710","1","1.53003901112002","0.332059578589285","0.94836422686707","139.866380744294","49","0.812048616071335","0.0298197186379067","0.0957904050846538","9.31407394798057","1.83164176742298","0.0854053679257925","1377457133.17317","870000","85.8101441992537","1.98067486889308e-20","1005","5146.42783243247","0.0919211648592207"
"40","KBS0710","2","0.586669485314938","0.28733704638067","0.952899423557502","140.332066784163","49","0.379743087272497","0.0272368614106695","0.0962512044523477","6.63951140966658","1.32795675862373","0.0868624597341229","1659586907.43756","1540000","94.8932237184954","2.00936492856703e-22","1005","7294.56041255111","0.113096736668305"
"41","KBS0710","3","4.22138622083774","0.423639284506392","1.03959218660535","151.780007670415","50","1.5605703919528","0.0316696120250204","0.103954067542996","12.067429050424","2.25119432637288","0.0810181911615462","9.3e+08","252000","76.0617410871405","2.74932745321456e-18","994","2303.21330545929","0.0500640576554386"
"42","KBS0710","4","3.48192217276084","0.43239258677534","1.07556882052858","155.175460750613","50","1.2238235698751","0.0295647064238206","0.107562301108312","9.467523800383","1.79377997183016","0.0822843184701467","1e+09","27500","80.360969441656","3.1189543453566e-19","994","1691.72429253252","0.0372877534425683"
"43","KBS0711","1","0.133567156879337","0.273260291498967","0.937382372607291","203.723206867593","73","0.0685906723691099","0.0169332529505314","0.0775790151315431","1.94498505858706","0.37532964008767","0.0838071176254809","2.8e+09","17000","181.82732983269","1.93397546984171e-41","1000","3059.5372203313","0.0516759255033959"
"44","KBS0711","2","1.00870962579841","0.323679872714917","0.70768336584354","162.680382802316","73","0.3398508963528","0.0172723842375258","0.0585706398003723","6.77978726630178","0.873530571664284","0.0559559602899649","4.8e+08","71000","176.394125484593","2.97010785900059e-40","1000","3333.70982802017","0.0450462808202415"
"45","KBS0711","3","0.132770984784688","0.257160028478805","0.682152395877296","157.326659526514","73","0.0576019208342816","0.0134732105575683","0.0564513016877961","2.69816180420661","0.3670257874244","0.0590762473718596","1.55e+09","136000","213.865629906547","1.97029209379816e-48","1000","4903.41266009223","0.0543440109282263"
"46","KBS0711","4","1.33061302430418","0.403866333925663","0.543066818018816","28.6357408653599","14","0.653867118861188","0.0458052983990782","0.102629414332211","4.30727776534922","0.828069323050741","0.0834926274147869","2.56e+09","1640000","26.6857812884877","2.39376552569787e-07","165","1169.02858907369","0.126501028706683"
"47","KBS0711","11","197.093796588664","0.745254148136402","0.4833208488442","90.4103000253427","61","21.8377961723636","0.0764060524939699","0.0437562560362323","235.906699431117","11.1455468594646","0.0205184910412982","5750000","424000","9.12240218797697","0.00252498184296622","824","3956.74241633342","0.0915531079072662"
"48","KBS0711","10","414.311233230643","1.310204035407","0.623822897238799","108.281587511785","54","32.3311867596518","0.202252678496753","0.0600272092079924","382.053101405541","21.781193976509","0.0247595224811988","2600000","178000","2.61984061857875","0.105535040536061","824","2132.49980071593","0.0854543967756842"
"49","KBS0711W","1","0.172632560745813","0.269190009558883","0.75749365576507","133.817107510849","56","0.0919025214371615","0.01828977393918","0.0715736575716484","2.72150328773038","0.471780090394021","0.0752861445560889","1.26e+09","105000","144.760357641261","2.42299775616421e-33","800","3783.45135928251","0.0680125172421774"
"50","KBS0711W","2","0.592520918410011","0.333333925365618","1.13047644187504","178.657598928572","56","0.324578436001246","0.0274446078007274","0.106818701995908","3.55510171628374","0.856403657185821","0.104619055171889","9e+08","8000","102.698930749498","3.90154967658507e-24","800","1770.44843806972","0.0545102054516985"
"51","KBS0711W","3","0.468957742663768","0.295751320228245","0.969312343381606","161.428832794468","56","0.282881755103906","0.025997272190287","0.0915931546485584","4.63341708145497","0.952671987896271","0.0892948293092645","5.2e+08","140000","109.09333107011","1.54821588793724e-25","800","3397.24590296083","0.0831128388492128"
"52","KBS0711W","4","0.19649558406917","0.244391708783568","1.0766175101299","173.182708820565","56","0.18300536549083","0.0295984392822046","0.10173994450968","5.42009856967813","1.05592489547834","0.0846077519652457","3.4e+08","3e+05","96.9459381885858","7.12463359193952e-23","800","8113.06428122307","0.161977278164174"
"53","KBS0712","1","2.30333998950474","0.335895636922272","0.839477627627756","122.927398745771","47","1.25120032432263","0.0333164021519256","0.0865925967341765","13.4294245904879","2.44301367151123","0.0790046773487992","1.44e+09","8e+05","73.3111797783279","1.10738886577287e-17","1016","7124.42478871533","0.1152407738558"
"54","KBS0712","2","0.570965291227792","0.258793039289395","0.641040497589095","99.5307635450937","48","0.341262442060531","0.0226924606577269","0.0654256381051529","11.1897439496188","1.28260488142069","0.0497802474275702","1.46e+09","1330000","107.123367062092","4.18302757579872e-25","1016","19429.1896442987","0.142225096112878"
"55","KBS0712","3","1.54841371972765","0.309209246915723","0.738490923295373","110.879221058416","47","0.825002479994312","0.0281582333436","0.0761758845528148","12.5610510271828","1.92656557266577","0.0666104130476713","1.34e+09","580000","87.6167246849305","7.94499875262293e-21","1016","9434.19432550247","0.117951352091387"
"56","KBS0712","4","0.146207827905618","0.205862425104064","0.845454556427817","126.102172737837","48","0.165793022990017","0.0287683268994229","0.0862879880835359","13.786511622547","1.62250363082737","0.0511111434878072","1.64e+09","2120000","86.5301478436597","1.37623258931894e-20","1016","75585.5045773775","0.312746954490518"
"57","KBS0713","1","0.420335986562123","0.264758182047005","0.666862548166968","107.376965499474","50","0.219471648977801","0.0193601767934833","0.0666860098734874","7.25093256916395","0.94512484771673","0.0566082365485788","1.31e+09","570000","124.630704283295","6.13050983926469e-29","1002","10998.863692645","0.100813263239593"
"58","KBS0713","2","0.936671538457805","0.310288826439928","0.636819768403077","102.767549833038","50","0.370870341072352","0.0192607308692213","0.0636814453631977","7.48653607984988","1.02620583721851","0.0595302724313917","1.57e+09","110000","123.681208524781","9.89263324825684e-29","1002","5729.75889468584","0.0668508396276389"
"59","KBS0713","3","0.16640653861993","0.222580447969677","0.863691988242679","133.23870768504","50","0.14777772662769","0.024636788283746","0.0863708044509443","8.60918421937694","1.09630795737885","0.0553037877020495","1.17e+09","1500000","102.788889889011","3.72834564544184e-24","1002","28912.1921638775","0.20111350729987"
"60","KBS0713","4","0.126988101962509","0.236330758121855","0.761643928714421","120.66427217687","50","0.0863949089346404","0.0193634478892577","0.0761666430023977","4.3434507531667","0.665912692810447","0.0665835125921625","2.21e+09","2730000","124.642533831796","6.09407153997479e-29","1002","13086.2307210561","0.120407766268465"
"61","KBS0714","1","17.7979002199372","0.950319493033863","1.70464481739526","99.7070003511093","24","5.80523519312618","0.134378820248096","0.246068697051355","18.211522346647","4.72229585210875","0.112613706391385","1900000","10.471285480509","0.132651305408274","0.715698759156862","244","163.806594442289","0.0216277103036478"
"62","KBS0714","2","19.3791752889576","0.973065670439487","1.63511275227982","97.7091864871894","24","5.88826219007967","0.132759493249546","0.236023155078409","19.6121116221784","4.76635654156259","0.105547142738227","1500000","31.413856441527","0.0404003191028295","0.840699898483671","244","164.353059004129","0.0209072466662277"
"63","KBS0714","3","15.6516795331406","0.89651477002407","1.63476809700553","97.7034147618814","24","5.28422950986171","0.124819724255733","0.235941352318905","16.5035748856714","4.32226312893684","0.113741116045161","2100000","10.471285480509","0.63727667467883","0.424698676567516","244","166.810222033948","0.0218952469538073"
"64","KBS0714","4","17.9945887294113","0.95943202890866","1.68978056620301","99.2899081758587","24","5.76009733656937","0.13371111257171","0.243897887345893","18.3296380790583","4.68675845697646","0.111046018862957","2200000","10.471285480509","0.0895013690780786","0.764812021111212","244","165.169200985918","0.0209624834319924"
"65","KBS0715","1","0.0014029507263481","0.159928738969373","0.867651916924557","184.783335866833","70","0.00177018697835204","0.0158726693260796","0.0733244767828687","1.62959056869888","0.185091015205297","0.0493277318226706","1.31e+09","410000","186.655121602744","1.70796547988664e-42","999","28875.092694632","0.183131399141026"
"66","KBS0715","2","0.00101927946261952","0.159533821624626","0.913138064821505","191.933284547331","70","0.00133677181894906","0.0160564888367303","0.0771714110722498","1.21950126505637","0.163706367570287","0.0582998756339251","1.17e+09","120000","184.096348593212","6.1812378606136e-42","999","20843.9080706332","0.171779680055603"
"67","KBS0715","3","0.000490563736987101","0.151615120720902","0.959734970450521","198.899332918644","70",NA,NA,NA,"1.10656673590874",NA,NA,"1.39e+09","306000","182.616945842269","1.30034059685009e-41","999","26101.6433035367",NA
"68","KBS0715","4","0.0023665637881871","0.170218088299536","0.840648036166832","180.348122783235","70","0.00256395741391764","0.0151120451478889","0.071049068101261","1.3494589801424","0.185013083728884","0.0595425000135086","1.57e+09","236000","193.317687225384","6.00044780701167e-44","999","18905.1452447844","0.147199608251474"
"69","KBS0721","1","3.35291853508876","0.385202150973525","0.767114306875477","160.614662410765","67","1.12575976837431","0.0250757255944842","0.0662664271163786","12.4069797645151","1.81939929988619","0.0636863355398643","2e+08","15000","117.601482737054","2.11972059229924e-27","981","2561.4717539782","0.0455352529475489"
"70","KBS0721","2","0.22559350507501","0.256322426870896","0.922728078232346","185.363374390575","67","0.158355776240626","0.0231879249417543","0.0797097962995183","4.67168275025799","0.870764272916073","0.0809490153724723","4.5e+08","256000","136.126800048889","1.87186877274675e-31","981","6156.17111253306","0.101470470418058"
"71","KBS0721","3","0.0267521414289459","0.215569444278358","0.995153395059821","195.487899545727","67","0.0246783973744967","0.0201913945057112","0.085967043574973","1.75474027072787","0.385042614003528","0.0952972273725568","1.13e+09","128000","152.183686264288","5.77670376976311e-35","981","6806.1803910169","0.111097179828006"
"72","KBS0721","4","0.469437286773774","0.285027108258946","1.07530593514306","205.86433360061","67","0.324654407692599","0.0279539477656436","0.0928949142430615","5.52478566341765","1.21446175745678","0.095466878152108","3.3e+08","46000","113.488537509565","1.68653493021967e-26","981","4226.24410131934","0.093251113485946"
"73","KBS0722","1","15.6994206458327","0.418779817475278","0.648323593951694","100.612629162114","48","5.10738230872725","0.0373445358004382","0.0661717293193338","46.2020481623171","5.01379542116158","0.0471291592345083","5.4e+08","2500000","63.1789990698029","1.88750102701198e-15","996","8408.4322791199","0.106705474502165"
"74","KBS0722","2","5.76958625233688","0.302669297099966","0.788955862515458","119.455732851782","48","3.55428598870439","0.0407938611547505","0.0805300910552855","51.3615218983225","5.28782570563348","0.0447119446687928","5.2e+08","9250000","63.2246700118123","1.84424058613485e-15","996","34112.3627893211","0.248541039710309"
"75","KBS0722","3","8.21527546176702","0.341706048044919","0.797220064243367","120.461621742658","48","4.31868589611999","0.0423085909175684","0.0813665981045656","44.9788400684346","5.03751963658962","0.0486399155096372","6.1e+08","7550000","59.0074601646769","1.57075313587964e-14","996","18623.4314816606","0.193955826417237"
"76","KBS0722","4","5.24586714010453","0.328739637550153","0.88276171267331","127.65753549466","47","3.24965624010188","0.0434213280104789","0.0910512117561999","33.1852705777427","4.57342116681734","0.0598522037515178","6.7e+08","2350000","56.5708013275851","5.42108692093176e-14","996","16459.5223620963","0.199722235892065"
"77","KBS0724","1","10.5898648872187","0.461957987046895","1.11005431588791","149.195969097948","47","4.23985197904212","0.0457650388931162","0.114490975686188","24.7858136595342","4.81303004386538","0.0843334182205169","8.6e+07","268000","47.3916303244912","5.81303590064086e-12","974","2319.05742099177","0.0656949707063303"
"78","KBS0724","2","9.45559044034612","0.442753313168811","0.930880358307187","132.650624391197","47","3.4928947860853","0.0394895595305366","0.096008218067023","24.3166530354042","4.11007294077448","0.0734057436193769","1.09e+08","334000","57.9444684467681","2.69622659907277e-14","974","2733.52874200238","0.0654178039027855"
"79","KBS0724","3","14.6860944590731","0.515292079888171","0.821624954986976","120.91741430345","47","3.86121792269668","0.0362452173878396","0.0847367213203272","27.8262346418083","3.97098801387093","0.0619766994826155","1e+08","59000","57.246829616843","3.84408269174737e-14","974","1886.10824907213","0.0392300712392722"
"80","KBS0724","4","8.00456103725989","0.444878613217175","1.02074918111853","141.31139054442","47","3.13354174759867","0.0404400605887895","0.105281055891097","20.3601826783434","3.83242495638021","0.0817478426966481","1.21e+08","169000","56.2133835765464","6.50174569832364e-14","974","2295.48762794049","0.0601204164843289"
"81","KBS0725","1","10.4998270162295","0.663745688285448","1.46467685024217","175.248579158434","47","3.16999116887578","0.0526378715462233","0.151082658638227","14.0229314359596","3.05851977414178","0.0947232942532644","2.7e+09","10","24.0860632775936","9.21246371002652e-07","723","652.556050250042","0.0177291718366785"
"82","KBS0725","2","14.6038235716761","0.731889993252026","1.45927257565919","182.096588093011","49","3.79967704322005","0.0541332642946056","0.147402744513273","17.7511512581859","3.48628045292926","0.0852943192840034","2.9e+09","10","16.7427467414674","4.2805590372934e-05","723","621.79802439349","0.0138837025893648"
"83","KBS0725","3","14.0414344223751","0.73477017593748","1.5202943928929","182.438450369113","48","3.76866213129464","0.055335981705594","0.155150900405135","17.0097037082164","3.46931893714665","0.0885792072696391","3.2e+09","10","15.7910254117166","7.07372471462597e-05","723","594.199758363911","0.01304011178227"
"84","KBS0725","4","12.9015636748772","0.723003242821326","1.63237612393094","193.084580134392","49","3.67258677773901","0.0565654737996606","0.164882252669924","15.8514384984659","3.41434277907659","0.0935454677140299","3.4e+09","10","16.2759241158627","5.47552663510108e-05","723","583.383690306787","0.013690571012731"
"85","KBS0727","1","2.55269957046208","0.422443439676561","1.17512549101808","116.624233945764","35","1.58687737900828","0.0545560229727912","0.140447467794983","7.34898182564042","2.22015703768807","0.131202113885018","1.04e+09","23000","34.6862272136739","3.87362432077474e-09","509","1443.96526142085","0.0919325718935034"
"86","KBS0727","2","13.3451853569175","0.650924786200392","1.42054528831647","158.213136965912","43","4.50417362519954","0.0620251960511333","0.153194928585149","18.2044649712183","4.24234873376416","0.101207514106893","1.14e+09","960","19.2326799082416","1.15715435853834e-05","723","823.953790742677","0.0302986513799198"
"87","KBS0727","3","27.9841177760664","0.838454339048887","1.42558162660434","197.539093138051","54","6.61972252884975","0.0686355193688586","0.137178365220431","30.7106887830839","5.65642815131805","0.0799902454403029","7.1e+08","20","4.73560458636052","0.0295444624793464","723","660.657995775635","0.0147092364733292"
"88","KBS0727","4","21.3637181049545","0.762644992641567","1.41614117872363","154.413968086142","42","5.57933440710588","0.0630502092397411","0.154523236984159","25.094626354832","4.92126138412718","0.0851686983862367","8.3e+08","20","10.328691627367","0.00130978020708522","723","700.603076843517","0.0187986320083584"
"89","KBS0801","1","50.2666406687473","0.702462852459902","0.650808262109636","93.0676621151038","44","8.52346890700665","0.0458578784539915","0.0693756731125335","63.4167238312152","6.91515548567009","0.0473568120125951","1.74e+09","1730000","24.4155602952288","7.76390674634331e-07","960","2388.31762004471","0.0386782483039623"
"90","KBS0801","2","44.0862467300281","0.685706833677836","0.638487249458176","91.3841517390329","44","7.50755127290143","0.0429129422760654","0.0680640428687905","56.9385090222222","6.21624000955913","0.0474139344478463","2.16e+09","9e+05","28.7651608558074","8.17077808900031e-08","960","2350.26752192619","0.0368187238369079"
"91","KBS0801","3","45.0591387417283","0.682497298474268","0.821272681418973","113.542231845102","44","10.1163090590413","0.0567928778860093","0.0875437109530585","58.4687496984787","8.33070816940018","0.0618788772972679","2.14e+09","1740000","18.8961414382428","1.38031577849139e-05","960","2445.28840955956","0.0503389761310089"
"92","KBS0801","4","51.6507533175572","0.706038664083831","0.859378884388032","117.533398325077","44","11.8742853143987","0.0631653856921623","0.0916057247752762","64.8521268573217","9.58239422871191","0.0641703077233976","1.88e+09","860000","14.1951819062016","0.000164791928378166","960","2424.08951689672","0.0533554113282625"
"93","KBS0802","1","0.535150641152428","0.318067131575437","1.34106478151426","235.454436113274","67","0.337430467512634","0.0289584515711201","0.115860069187466","3.85867772162881","1.01754491047648","0.1145247599279","2.38e+09","305000","108.272884054317","2.34206912767798e-25","959","2883.22617394726","0.0722068025827249"
"94","KBS0802","2","0.781189902839858","0.328642965123937","1.40477262892513","241.677287851917","67","0.500467763224455","0.0321103290611724","0.121359017557728","4.94740516840842","1.32744978120631","0.116526561976941","1.48e+09","135000","96.8726458079069","7.39330757547459e-23","959","2901.40514406422","0.0773560836378476"
"95","KBS0802","3","0.650862441873482","0.326369306868495","1.37129826424877","238.45952800891","67","0.405274594417855","0.0301711851977907","0.118448601530895","4.23460134243472","1.12596125373181","0.115476929181588","2.12e+09","155000","103.168008323707","3.07898116714322e-24","959","2753.73950487233","0.0712681698094617"
"96","KBS0802","4","0.913594575899851","0.338879145469814","1.50565390907797","250.978710940104","67","0.599095890453022","0.0346863449501967","0.130062151560897","5.15550477772496","1.46987843225952","0.123821065001633","1.78e+09","85000","88.1958822674673","5.92831885143149e-21","959","2745.05615018732","0.0782268859659496"
"97","KBS0812","1","1.31213218244457e-05","0.0898304141084086","0.624712706196821","150.177235712498","76",NA,NA,NA,"723.742221018289",NA,NA,"2.3e+08","2220000","208.172939118507","3.43943268630652e-47","958","34116731.931628",NA
"98","KBS0812","2","6.80365796791733e-07","0.077348776724318","0.600207803715812","144.080913044904","76",NA,NA,NA,"3517.43265684159",NA,NA,"2.9e+08","1740000","217.519242969597","3.14422501634564e-49","958","223901766.920754",NA
"99","KBS0812","3","7.92785060798143e-07","0.080371582705","0.636320653362007","152.977287737421","76",NA,NA,NA,"1169.39859262953",NA,NA,"3.1e+08","1600000","215.404876697532","9.09377776924767e-49","958","78987077.2890869",NA
"100","KBS0812","4","2.68220493306066e-07","0.0803883191391311","0.746550456697058","177.249445901903","76",NA,NA,NA,"393.023345604498",NA,NA,"4.5e+08","1400000","205.723681655858","1.17728618988663e-46","958","37399253.0560594",NA
